index,actual,predicted,correct
0,0,0,True
1,0,0,True
2,0,1,False
3,1,1,True
4,1,0,False
5,0,0,True
6,1,1,True
7,1,1,True
8,0,1,False
9,0,1,False
10,1,1,True
11,0,0,True
12,0,0,True
13,1,0,False
14,0,0,True
15,0,0,True
16,0,1,False
17,1,1,True
18,0,0,True
19,1,1,True
20,0,1,False
21,0,0,True
22,0,0,True
23,0,0,True
24,0,0,True
25,1,1,True
26,0,1,False
27,0,0,True
28,1,1,True
29,1,1,True
30,1,1,True
31,1,1,True
32,1,0,False
33,0,0,True
34,0,0,True
35,1,1,True
36,1,1,True
37,1,1,True
38,1,1,True
39,0,0,True
40,1,1,True
41,1,1,True
42,1,1,True
43,1,1,True
44,1,1,True
45,1,1,True
46,1,1,True
47,0,1,False
48,1,1,True
49,1,1,True
50,0,0,True
51,0,1,False
52,0,0,True
53,0,0,True
54,1,1,True
55,1,1,True
56,0,0,True
57,1,0,False
58,0,1,False
59,1,1,True
60,0,1,False
61,1,1,True
62,1,1,True
63,1,1,True
64,1,1,True
65,1,1,True
66,0,1,False
67,1,1,True
68,0,0,True
69,1,1,True
70,1,1,True
71,0,0,True
72,0,0,True
73,1,1,True
74,0,0,True
75,1,1,True
76,1,1,True
77,0,0,True
78,0,0,True
79,0,0,True
80,1,1,True
81,1,1,True
82,1,0,False
83,0,0,True
84,0,0,True
85,1,1,True
86,1,0,False
87,1,1,True
88,1,1,True
89,1,1,True
90,1,0,False
91,1,1,True
92,1,1,True
93,0,0,True
94,1,1,True
95,0,0,True
96,0,1,False
97,1,1,True
98,1,1,True
99,1,1,True
100,0,1,False
101,1,1,True
102,1,1,True
103,1,0,False
104,1,1,True
105,0,0,True
106,1,0,False
107,1,1,True
108,1,1,True
109,1,1,True
110,0,0,True
111,0,1,False
112,1,1,True
113,0,0,True
114,1,0,False
115,1,1,True
116,0,0,True
117,0,0,True
118,1,1,True
119,1,1,True
120,0,1,False
121,1,1,True
122,1,1,True
123,1,1,True
124,1,1,True
125,0,0,True
126,1,1,True
127,0,0,True
128,1,0,False
129,0,1,False
130,1,0,False
131,1,1,True
132,1,1,True
133,1,1,True
134,1,1,True
135,1,1,True
136,0,0,True
137,1,1,True
138,1,1,True
139,0,1,False
140,0,0,True
141,1,1,True
142,0,1,False
143,1,1,True
144,0,1,False
145,1,1,True
146,1,1,True
147,1,0,False
148,1,0,False
149,1,1,True
150,0,0,True
151,1,1,True
152,0,0,True
153,0,0,True
154,1,1,True
155,1,1,True
156,1,1,True
157,0,1,False
158,0,0,True
159,0,0,True
160,1,1,True
161,1,1,True
162,1,0,False
163,0,0,True
164,1,1,True
165,0,0,True
166,1,1,True
167,0,0,True
168,1,0,False
169,1,0,False
170,1,1,True
171,1,1,True
172,0,0,True
173,1,1,True
174,1,1,True
175,0,0,True
176,1,1,True
177,1,1,True
178,1,1,True
179,1,1,True
180,1,1,True
181,1,0,False
182,1,0,False
183,0,0,True
184,1,1,True
185,1,1,True
186,0,0,True
187,1,0,False
188,1,1,True
189,1,1,True
190,1,1,True
191,0,0,True
192,0,0,True
193,1,1,True
194,0,0,True
195,0,0,True
196,0,0,True
197,0,0,True
198,1,0,False
199,1,0,False
200,1,1,True
201,1,1,True
202,0,0,True
203,1,1,True
204,0,0,True
205,1,1,True
206,0,1,False
207,0,0,True
208,0,0,True
209,1,1,True
210,1,1,True
211,1,1,True
212,0,1,False
213,0,1,False
214,0,0,True
215,1,1,True
216,0,0,True
217,1,1,True
218,0,0,True
219,0,0,True
220,0,1,False
221,0,0,True
222,0,1,False
223,1,1,True
224,1,1,True
225,1,1,True
226,0,0,True
227,0,0,True
228,1,0,False
229,1,1,True
230,1,1,True
231,0,1,False
232,1,1,True
233,0,0,True
234,0,0,True
235,1,1,True
236,1,1,True
237,1,1,True
238,1,1,True
239,0,0,True
240,0,0,True
241,1,1,True
242,1,1,True
243,1,0,False
244,1,1,True
245,1,1,True
246,0,0,True
247,1,1,True
248,1,0,False
249,0,0,True
250,1,1,True
251,1,1,True
252,1,1,True
253,1,1,True
254,1,1,True
255,1,0,False
256,0,0,True
257,1,1,True
258,0,0,True
259,1,1,True
260,0,1,False
261,0,1,False
262,1,0,False
263,0,0,True
264,0,0,True
265,1,1,True
266,1,1,True
267,1,1,True
268,1,1,True
269,0,0,True
270,0,0,True
271,1,1,True
272,0,0,True
273,1,0,False
274,0,0,True
275,0,0,True
276,1,1,True
277,1,1,True
278,1,1,True
279,1,1,True
280,1,1,True
281,1,1,True
282,1,1,True
283,0,0,True
284,1,0,False
285,1,1,True
286,1,1,True
287,1,1,True
288,1,1,True
289,1,1,True
290,0,0,True
291,1,1,True
292,1,0,False
293,0,0,True
294,0,0,True
295,1,1,True
296,1,1,True
297,0,0,True
298,0,0,True
299,1,1,True
300,1,1,True
301,1,0,False
302,0,0,True
303,1,1,True
304,0,0,True
305,1,1,True
306,0,1,False
307,1,0,False
308,1,1,True
309,1,0,False
310,0,0,True
311,1,0,False
312,0,1,False
313,1,1,True
314,1,1,True
315,0,1,False
316,1,1,True
317,1,1,True
318,0,0,True
319,1,1,True
320,0,1,False
321,1,0,False
322,1,1,True
323,1,1,True
324,0,1,False
325,1,0,False
326,1,0,False
327,0,0,True
328,1,1,True
329,1,1,True
330,1,1,True
331,1,1,True
332,1,1,True
333,1,1,True
334,1,1,True
335,1,1,True
336,0,0,True
337,0,0,True
338,1,1,True
339,0,0,True
340,1,1,True
341,1,1,True
342,1,1,True
343,1,1,True
344,0,0,True
345,1,1,True
346,1,1,True
347,1,0,False
348,1,1,True
349,0,1,False
350,1,1,True
351,1,1,True
352,0,0,True
353,1,1,True
354,1,1,True
355,0,1,False
356,0,1,False
357,0,0,True
358,1,1,True
359,0,1,False
360,0,1,False
361,1,1,True
362,1,1,True
363,1,1,True
364,1,1,True
365,1,1,True
366,0,1,False
367,0,0,True
368,1,1,True
369,1,1,True
370,1,0,False
371,1,1,True
372,0,1,False
373,0,0,True
374,1,0,False
375,1,1,True
376,1,1,True
377,0,0,True
378,1,1,True
379,1,1,True
380,0,1,False
381,1,1,True
382,1,1,True
383,1,1,True
384,1,1,True
385,1,0,False
386,1,1,True
387,1,1,True
388,0,0,True
389,1,1,True
390,1,1,True
391,0,0,True
392,0,0,True
393,1,1,True
394,1,1,True
395,0,1,False
396,1,1,True
397,1,1,True
398,1,1,True
399,1,1,True
400,1,1,True
401,1,1,True
402,1,1,True
403,0,1,False
404,1,1,True
405,1,1,True
406,1,1,True
407,1,1,True
408,0,0,True
409,1,0,False
410,0,1,False
411,0,0,True
412,1,0,False
413,1,1,True
414,0,0,True
415,1,0,False
416,1,1,True
417,0,1,False
418,0,0,True
419,1,0,False
420,1,1,True
421,1,1,True
422,1,0,False
423,1,1,True
424,1,1,True
425,1,1,True
426,0,1,False
427,1,1,True
428,0,1,False
429,0,0,True
430,0,1,False
431,1,1,True
432,0,1,False
433,0,1,False
434,0,0,True
435,1,1,True
436,0,1,False
437,1,1,True
438,1,1,True
439,1,1,True
440,1,1,True
441,1,1,True
442,0,0,True
443,1,1,True
444,1,1,True
445,1,1,True
446,1,1,True
447,1,1,True
448,0,0,True
449,1,1,True
450,1,1,True
451,0,0,True
452,0,0,True
453,0,0,True
454,1,1,True
455,1,1,True
456,1,1,True
457,0,0,True
458,0,0,True
459,1,0,False
460,1,1,True
461,1,0,False
462,1,1,True
463,0,0,True
464,0,0,True
465,1,0,False
466,1,1,True
467,1,1,True
468,1,1,True
469,1,1,True
470,1,1,True
471,1,1,True
472,1,1,True
473,0,0,True
474,1,1,True
475,1,1,True
476,0,0,True
477,1,1,True
478,0,1,False
479,0,0,True
480,0,0,True
481,0,1,False
482,0,0,True
483,0,1,False
484,0,0,True
485,1,0,False
486,1,1,True
487,1,1,True
488,1,1,True
489,1,1,True
490,0,1,False
491,0,0,True
492,0,1,False
493,0,1,False
494,1,1,True
495,1,1,True
496,0,1,False
497,1,1,True
498,1,1,True
499,1,1,True
500,0,1,False
501,1,0,False
502,0,0,True
503,0,0,True
504,0,0,True
505,0,0,True
506,1,0,False
507,1,1,True
508,1,1,True
509,0,0,True
510,1,1,True
511,0,0,True
512,1,1,True
513,1,1,True
514,0,0,True
515,0,1,False
516,0,1,False
517,0,1,False
518,1,1,True
519,0,0,True
520,0,1,False
521,0,0,True
522,0,1,False
523,1,1,True
524,1,1,True
525,0,1,False
526,0,0,True
527,1,1,True
528,1,1,True
529,0,0,True
530,0,1,False
531,1,1,True
532,1,1,True
533,1,0,False
534,1,1,True
535,1,1,True
536,1,1,True
537,1,1,True
538,1,1,True
539,0,0,True
540,0,0,True
541,1,1,True
542,0,0,True
543,1,1,True
544,1,1,True
545,1,1,True
546,1,1,True
547,1,0,False
548,1,1,True
549,0,0,True
550,1,1,True
551,0,1,False
552,0,1,False
553,1,1,True
554,1,1,True
555,0,0,True
556,1,1,True
557,1,1,True
558,1,1,True
559,0,1,False
560,0,0,True
561,1,1,True
562,1,1,True
563,0,0,True
564,1,1,True
565,1,1,True
566,1,1,True
567,1,1,True
568,0,0,True
569,0,1,False
570,1,1,True
571,1,1,True
572,1,1,True
573,1,1,True
574,1,1,True
575,0,0,True
576,1,0,False
577,0,0,True
578,1,0,False
579,0,0,True
580,0,0,True
581,0,1,False
582,1,0,False
583,0,1,False
584,0,1,False
585,1,0,False
586,1,1,True
587,0,0,True
588,1,1,True
589,1,1,True
590,0,0,True
591,0,0,True
592,1,1,True
593,1,1,True
594,1,1,True
595,1,0,False
596,1,1,True
597,0,0,True
598,0,0,True
599,1,1,True
600,1,0,False
601,1,1,True
602,0,0,True
603,0,0,True
604,0,0,True
605,0,0,True
606,1,1,True
607,1,0,False
608,1,1,True
609,1,0,False
610,1,1,True
611,1,1,True
612,1,1,True
613,0,0,True
614,1,1,True
615,0,1,False
616,1,1,True
617,1,1,True
618,1,1,True
619,0,0,True
620,1,1,True
621,0,1,False
622,1,1,True
623,1,1,True
624,1,0,False
625,0,0,True
626,1,1,True
627,1,1,True
628,0,1,False
629,1,1,True
630,0,0,True
631,0,1,False
632,1,1,True
633,1,1,True
634,1,1,True
635,1,1,True
636,0,1,False
637,1,1,True
638,1,1,True
639,1,0,False
640,0,0,True
641,1,0,False
642,1,1,True
643,1,1,True
644,1,1,True
645,1,0,False
646,0,0,True
647,1,1,True
648,1,1,True
649,1,1,True
650,1,1,True
651,0,0,True
652,1,1,True
653,0,0,True
654,0,1,False
655,1,1,True
656,1,1,True
657,0,1,False
658,1,1,True
659,1,1,True
660,1,1,True
661,0,0,True
662,1,1,True
663,1,1,True
664,1,1,True
665,1,1,True
666,0,1,False
667,0,1,False
668,0,1,False
669,0,0,True
670,0,1,False
671,1,1,True
672,1,0,False
673,0,0,True
674,0,1,False
675,1,1,True
676,1,1,True
677,1,1,True
678,1,1,True
679,0,0,True
680,0,0,True
681,0,0,True
682,1,1,True
683,0,0,True
684,1,1,True
685,1,1,True
686,1,1,True
687,0,1,False
688,0,0,True
689,1,1,True
690,0,1,False
691,0,0,True
692,1,1,True
693,1,1,True
694,1,1,True
695,0,1,False
696,0,1,False
697,0,0,True
698,1,1,True
699,0,1,False
700,0,0,True
701,1,1,True
702,1,1,True
703,0,0,True
704,1,1,True
705,0,1,False
706,1,0,False
707,0,1,False
708,1,1,True
709,1,1,True
710,1,1,True
711,0,0,True
712,1,1,True
713,0,1,False
714,0,0,True
715,1,0,False
716,1,1,True
717,1,1,True
718,1,1,True
719,0,1,False
720,0,0,True
721,1,1,True
722,0,0,True
723,0,1,False
724,0,0,True
725,0,1,False
726,0,0,True
727,1,1,True
728,1,1,True
729,1,0,False
730,1,1,True
731,1,1,True
732,0,0,True
733,0,0,True
734,1,1,True
735,1,1,True
736,1,1,True
737,0,1,False
738,1,1,True
739,1,1,True
740,1,0,False
741,1,1,True
742,0,0,True
743,0,1,False
744,1,1,True
745,0,0,True
746,0,0,True
747,1,1,True
748,1,1,True
749,1,0,False
750,1,0,False
751,0,0,True
752,1,1,True
753,0,0,True
754,1,0,False
755,0,0,True
756,0,0,True
757,0,0,True
758,1,0,False
759,1,1,True
760,1,1,True
761,1,1,True
762,1,1,True
763,0,1,False
764,1,1,True
765,1,1,True
766,0,1,False
767,0,0,True
768,0,0,True
769,0,0,True
770,0,0,True
771,0,0,True
772,1,1,True
773,1,1,True
774,1,1,True
775,1,1,True
776,1,1,True
777,1,1,True
778,1,1,True
779,0,1,False
780,1,1,True
781,1,0,False
782,0,1,False
783,0,0,True
784,1,1,True
785,1,1,True
786,1,1,True
787,1,0,False
788,0,0,True
789,1,1,True
790,0,0,True
791,0,1,False
792,1,0,False
793,0,1,False
794,1,0,False
795,1,1,True
796,1,1,True
797,1,0,False
798,1,1,True
799,0,0,True
800,1,1,True
801,1,1,True
802,1,1,True
803,0,0,True
804,0,1,False
805,0,0,True
806,0,0,True
807,0,0,True
808,0,1,False
809,1,1,True
810,1,1,True
811,1,1,True
812,0,1,False
813,0,0,True
814,0,0,True
815,0,0,True
816,0,1,False
817,1,1,True
818,0,0,True
819,1,1,True
820,1,1,True
821,0,1,False
822,1,1,True
823,0,0,True
824,0,0,True
825,0,1,False
826,0,0,True
827,1,1,True
828,0,0,True
829,1,1,True
830,1,0,False
831,1,1,True
832,1,1,True
833,1,1,True
834,0,0,True
835,1,1,True
836,0,0,True
837,0,0,True
838,0,1,False
839,1,0,False
840,0,0,True
841,0,1,False
842,1,0,False
843,1,0,False
844,1,0,False
845,1,1,True
846,1,1,True
847,1,1,True
848,0,1,False
849,1,1,True
850,1,1,True
851,0,1,False
852,1,1,True
853,1,1,True
854,0,1,False
855,1,1,True
856,0,0,True
857,1,1,True
858,1,0,False
859,0,0,True
860,1,1,True
861,1,1,True
862,1,0,False
863,1,1,True
864,1,1,True
865,0,0,True
866,1,1,True
867,1,1,True
868,0,0,True
869,0,1,False
870,0,0,True
871,1,0,False
872,0,1,False
873,1,1,True
874,0,1,False
875,0,1,False
876,1,1,True
877,1,1,True
878,1,1,True
879,0,1,False
880,1,1,True
881,1,1,True
882,1,1,True
883,1,1,True
884,0,0,True
885,0,0,True
886,1,1,True
887,1,1,True
888,0,0,True
889,1,1,True
890,0,1,False
891,1,1,True
892,1,1,True
893,1,1,True
894,1,1,True
895,1,1,True
896,0,0,True
897,1,1,True
898,1,0,False
899,0,1,False
900,0,1,False
901,0,1,False
902,1,1,True
903,1,0,False
904,1,1,True
905,1,1,True
906,0,1,False
907,1,1,True
908,0,0,True
909,1,1,True
910,1,0,False
911,0,1,False
912,1,1,True
913,0,1,False
914,1,1,True
915,0,0,True
916,1,1,True
917,0,0,True
918,0,1,False
919,1,1,True
920,0,1,False
921,0,1,False
922,0,0,True
923,0,0,True
924,1,1,True
925,1,1,True
926,1,1,True
927,1,1,True
928,1,1,True
929,1,1,True
930,0,1,False
931,1,1,True
932,1,1,True
933,0,1,False
934,0,1,False
935,1,1,True
936,1,1,True
937,1,1,True
938,0,1,False
939,0,0,True
940,1,1,True
941,0,0,True
942,1,1,True
943,1,1,True
944,1,0,False
945,1,1,True
946,0,0,True
947,1,1,True
948,1,1,True
949,1,0,False
950,1,1,True
951,0,0,True
952,1,1,True
953,1,1,True
954,1,1,True
955,1,1,True
956,0,0,True
957,1,1,True
958,1,1,True
959,1,1,True
960,1,1,True
961,1,1,True
962,1,1,True
963,0,1,False
964,1,1,True
965,1,1,True
966,1,0,False
967,0,0,True
968,1,1,True
969,1,1,True
970,1,1,True
971,1,1,True
972,1,1,True
973,1,1,True
974,0,0,True
975,0,1,False
976,0,0,True
977,1,0,False
978,1,0,False
979,0,1,False
980,1,1,True
981,1,1,True
982,1,1,True
983,1,1,True
984,0,0,True
985,1,1,True
986,1,0,False
987,1,1,True
988,0,0,True
989,1,1,True
990,0,0,True
991,1,0,False
992,1,1,True
993,1,1,True
994,0,0,True
995,1,0,False
996,1,1,True
997,0,0,True
998,1,1,True
999,1,1,True
1000,0,1,False
1001,1,1,True
1002,0,0,True
1003,0,0,True
1004,0,0,True
1005,0,0,True
1006,1,1,True
1007,0,0,True
1008,0,1,False
1009,0,1,False
1010,1,1,True
1011,0,1,False
1012,1,1,True
1013,1,1,True
1014,0,0,True
1015,1,1,True
1016,1,1,True
1017,1,1,True
1018,0,1,False
1019,0,1,False
1020,0,0,True
1021,0,0,True
1022,1,1,True
1023,0,0,True
1024,0,0,True
1025,0,1,False
1026,0,1,False
1027,1,1,True
1028,1,1,True
1029,1,0,False
1030,1,1,True
1031,0,0,True
1032,0,0,True
1033,1,0,False
1034,0,1,False
1035,1,0,False
1036,0,1,False
1037,0,0,True
1038,1,1,True
1039,1,1,True
1040,1,1,True
1041,0,1,False
1042,1,1,True
1043,1,1,True
1044,1,1,True
1045,1,1,True
1046,0,1,False
1047,0,1,False
1048,0,1,False
1049,1,1,True
1050,1,1,True
1051,0,0,True
1052,1,1,True
1053,0,0,True
1054,0,1,False
1055,1,0,False
1056,1,1,True
1057,0,0,True
1058,1,1,True
1059,1,0,False
1060,1,1,True
1061,1,1,True
1062,0,0,True
1063,1,1,True
1064,1,1,True
1065,1,0,False
1066,0,0,True
1067,1,0,False
1068,0,1,False
1069,1,0,False
1070,1,0,False
1071,0,0,True
1072,1,1,True
1073,1,1,True
1074,0,1,False
1075,1,1,True
1076,1,0,False
1077,0,1,False
1078,1,1,True
1079,0,1,False
1080,1,1,True
1081,1,1,True
1082,1,1,True
1083,1,1,True
1084,0,1,False
1085,0,1,False
1086,0,0,True
1087,1,1,True
1088,0,1,False
1089,1,1,True
1090,1,1,True
1091,0,0,True
1092,1,1,True
1093,1,1,True
1094,1,1,True
1095,1,1,True
1096,1,1,True
1097,0,1,False
1098,1,1,True
1099,1,1,True
1100,0,0,True
1101,1,0,False
1102,1,1,True
1103,1,0,False
1104,1,1,True
1105,1,0,False
1106,1,1,True
1107,1,1,True
1108,0,0,True
1109,1,1,True
1110,1,1,True
1111,1,0,False
1112,0,0,True
1113,1,1,True
1114,0,1,False
1115,0,1,False
1116,1,1,True
1117,0,0,True
1118,1,1,True
1119,0,0,True
1120,1,0,False
1121,0,1,False
1122,1,1,True
1123,1,1,True
1124,1,1,True
1125,1,1,True
1126,1,1,True
1127,0,1,False
1128,0,0,True
1129,0,1,False
1130,0,1,False
1131,1,1,True
1132,1,1,True
1133,0,0,True
1134,0,0,True
1135,0,0,True
1136,1,1,True
1137,0,0,True
1138,1,1,True
1139,0,1,False
1140,1,1,True
1141,1,1,True
1142,1,0,False
1143,1,1,True
1144,1,1,True
1145,0,0,True
1146,0,0,True
1147,1,1,True
1148,0,1,False
1149,0,0,True
1150,1,1,True
1151,0,1,False
1152,1,1,True
1153,1,1,True
1154,0,1,False
1155,0,0,True
1156,0,0,True
1157,0,0,True
1158,1,1,True
1159,1,1,True
1160,1,0,False
1161,1,1,True
1162,0,0,True
1163,1,1,True
1164,1,1,True
1165,1,1,True
1166,1,1,True
1167,1,1,True
1168,1,1,True
1169,1,1,True
1170,1,1,True
1171,1,1,True
1172,1,1,True
1173,1,1,True
1174,1,1,True
1175,0,0,True
1176,0,1,False
1177,0,1,False
1178,0,0,True
1179,0,0,True
1180,1,0,False
1181,0,1,False
1182,0,1,False
1183,1,0,False
1184,1,1,True
1185,1,1,True
1186,1,0,False
1187,1,1,True
1188,1,1,True
1189,1,1,True
1190,0,0,True
1191,0,0,True
1192,0,1,False
1193,1,1,True
1194,1,1,True
1195,1,1,True
1196,1,0,False
1197,1,1,True
1198,0,1,False
1199,1,1,True
1200,0,1,False
1201,0,1,False
1202,1,1,True
1203,1,1,True
1204,1,1,True
1205,1,1,True
1206,0,0,True
1207,1,1,True
1208,0,1,False
1209,0,0,True
1210,0,0,True
1211,0,0,True
1212,1,1,True
1213,1,1,True
1214,1,1,True
1215,0,1,False
1216,1,1,True
1217,1,1,True
1218,1,0,False
1219,0,0,True
1220,1,1,True
1221,0,1,False
1222,0,0,True
1223,0,0,True
1224,1,1,True
1225,1,1,True
1226,0,1,False
1227,0,1,False
1228,1,1,True
1229,1,1,True
1230,1,1,True
1231,0,0,True
1232,0,1,False
1233,0,0,True
1234,1,0,False
1235,0,1,False
1236,1,1,True
1237,1,1,True
1238,1,1,True
1239,1,1,True
1240,1,1,True
1241,0,0,True
1242,0,0,True
1243,1,1,True
1244,0,0,True
1245,1,0,False
1246,1,1,True
1247,0,1,False
1248,0,0,True
1249,1,1,True
1250,1,1,True
1251,1,1,True
1252,1,1,True
1253,0,0,True
1254,1,1,True
1255,1,1,True
1256,1,1,True
1257,0,0,True
1258,0,0,True
1259,0,1,False
1260,1,1,True
1261,0,0,True
1262,1,1,True
1263,1,0,False
1264,0,0,True
1265,0,0,True
1266,0,0,True
1267,0,0,True
1268,1,0,False
1269,0,0,True
1270,1,0,False
1271,0,1,False
1272,0,0,True
1273,1,1,True
1274,1,1,True
1275,1,1,True
1276,0,1,False
1277,0,0,True
1278,0,0,True
1279,1,1,True
1280,1,1,True
1281,0,0,True
1282,1,1,True
1283,1,1,True
1284,0,1,False
1285,1,1,True
1286,0,0,True
1287,1,1,True
1288,0,0,True
1289,1,1,True
1290,0,1,False
1291,0,0,True
1292,1,1,True
1293,0,1,False
1294,0,0,True
1295,1,1,True
1296,1,1,True
1297,0,0,True
1298,0,0,True
1299,1,1,True
1300,1,1,True
1301,0,1,False
1302,0,0,True
1303,1,1,True
1304,1,1,True
1305,1,1,True
1306,1,1,True
1307,1,1,True
1308,0,0,True
1309,0,1,False
1310,0,0,True
1311,1,1,True
1312,0,0,True
1313,1,1,True
1314,1,1,True
1315,0,1,False
1316,1,1,True
1317,0,1,False
1318,1,1,True
1319,1,1,True
1320,0,0,True
1321,1,1,True
1322,1,1,True
1323,0,1,False
1324,0,0,True
1325,1,1,True
1326,0,0,True
1327,0,1,False
1328,0,0,True
1329,0,0,True
1330,1,1,True
1331,1,1,True
1332,0,0,True
1333,1,1,True
1334,1,1,True
1335,1,0,False
1336,0,1,False
1337,0,1,False
1338,1,0,False
1339,1,1,True
1340,1,1,True
1341,0,0,True
1342,1,1,True
1343,0,0,True
1344,0,1,False
1345,0,1,False
1346,1,1,True
1347,1,1,True
1348,0,1,False
1349,1,0,False
1350,0,0,True
1351,1,1,True
1352,1,1,True
1353,0,1,False
1354,1,1,True
1355,1,1,True
1356,1,1,True
1357,0,0,True
1358,1,1,True
1359,1,1,True
1360,1,1,True
1361,0,1,False
1362,1,1,True
1363,0,0,True
1364,1,1,True
1365,1,0,False
1366,1,1,True
1367,0,0,True
1368,1,0,False
1369,0,0,True
1370,1,1,True
1371,0,1,False
1372,1,1,True
1373,0,0,True
1374,1,1,True
1375,1,1,True
1376,1,1,True
1377,1,1,True
1378,1,1,True
1379,1,1,True
1380,0,0,True
1381,1,0,False
1382,1,0,False
1383,0,0,True
1384,0,0,True
1385,1,1,True
1386,1,1,True
1387,0,1,False
1388,0,0,True
1389,1,1,True
1390,1,1,True
1391,1,0,False
1392,1,1,True
1393,1,1,True
1394,1,1,True
1395,1,0,False
1396,1,1,True
1397,1,1,True
1398,1,1,True
1399,0,1,False
1400,1,0,False
1401,1,1,True
1402,0,0,True
1403,1,1,True
1404,1,1,True
1405,1,0,False
1406,0,0,True
1407,1,0,False
1408,1,1,True
1409,1,1,True
1410,1,1,True
1411,0,1,False
1412,1,1,True
1413,1,1,True
1414,1,1,True
1415,1,1,True
1416,0,1,False
1417,1,1,True
1418,1,0,False
1419,1,1,True
1420,1,1,True
1421,1,0,False
1422,0,0,True
1423,1,1,True
1424,1,1,True
1425,1,1,True
1426,0,0,True
1427,1,1,True
1428,0,1,False
1429,0,0,True
1430,0,1,False
1431,0,0,True
1432,1,1,True
1433,1,1,True
1434,1,1,True
1435,1,1,True
1436,0,0,True
1437,0,1,False
1438,0,0,True
1439,1,1,True
1440,1,1,True
1441,1,0,False
1442,1,1,True
1443,1,1,True
1444,1,1,True
1445,1,1,True
1446,0,0,True
1447,1,1,True
1448,0,1,False
1449,0,1,False
1450,0,1,False
1451,0,0,True
1452,0,1,False
1453,1,1,True
1454,0,1,False
1455,1,1,True
1456,1,1,True
1457,1,1,True
1458,0,0,True
1459,1,1,True
1460,1,0,False
1461,1,1,True
1462,1,1,True
1463,1,1,True
1464,1,0,False
1465,1,1,True
1466,1,1,True
1467,1,1,True
1468,0,1,False
1469,1,1,True
1470,0,1,False
1471,1,1,True
1472,0,1,False
1473,1,1,True
1474,1,1,True
1475,1,1,True
1476,1,1,True
1477,1,1,True
1478,1,1,True
1479,1,1,True
1480,1,1,True
1481,0,0,True
1482,1,1,True
1483,0,0,True
1484,1,1,True
1485,1,1,True
1486,0,1,False
1487,1,1,True
1488,0,1,False
1489,1,1,True
1490,0,1,False
1491,0,1,False
1492,0,0,True
1493,1,0,False
1494,1,1,True
1495,1,1,True
1496,0,1,False
1497,1,0,False
1498,0,0,True
1499,1,1,True
1500,1,1,True
1501,1,1,True
1502,1,1,True
1503,0,1,False
1504,0,1,False
1505,1,1,True
1506,1,1,True
1507,1,0,False
1508,0,0,True
1509,0,0,True
1510,1,1,True
1511,0,1,False
1512,1,0,False
1513,0,0,True
1514,1,1,True
1515,0,0,True
1516,0,0,True
1517,1,1,True
1518,1,0,False
1519,1,1,True
1520,1,1,True
1521,1,1,True
1522,1,1,True
1523,1,1,True
1524,0,0,True
1525,1,0,False
1526,1,1,True
1527,1,1,True
1528,0,0,True
1529,1,1,True
1530,0,1,False
1531,1,1,True
1532,1,1,True
1533,1,1,True
1534,1,1,True
1535,1,1,True
1536,0,0,True
1537,1,1,True
1538,0,1,False
1539,0,0,True
1540,1,1,True
1541,0,1,False
1542,1,1,True
1543,1,1,True
1544,1,1,True
1545,0,0,True
1546,0,0,True
1547,1,1,True
1548,1,1,True
1549,1,1,True
1550,1,1,True
1551,1,1,True
1552,1,0,False
1553,0,1,False
1554,1,1,True
1555,0,0,True
1556,0,0,True
1557,0,1,False
1558,1,1,True
1559,1,1,True
1560,0,0,True
1561,1,1,True
1562,0,0,True
1563,0,0,True
1564,1,0,False
1565,1,1,True
1566,1,1,True
1567,0,1,False
1568,0,0,True
1569,1,1,True
1570,1,0,False
1571,0,1,False
1572,0,0,True
1573,1,0,False
1574,1,1,True
1575,1,0,False
1576,0,1,False
1577,1,1,True
1578,0,0,True
1579,1,1,True
1580,1,1,True
1581,1,1,True
1582,1,1,True
1583,1,1,True
1584,0,0,True
1585,1,1,True
1586,0,0,True
1587,1,1,True
1588,1,0,False
1589,0,0,True
1590,1,1,True
1591,0,0,True
1592,0,0,True
1593,1,1,True
1594,1,1,True
1595,0,1,False
1596,1,1,True
1597,0,1,False
1598,1,1,True
1599,1,1,True
1600,0,1,False
1601,0,1,False
1602,1,0,False
1603,0,0,True
1604,1,1,True
1605,0,0,True
1606,0,0,True
1607,1,1,True
1608,1,1,True
1609,0,1,False
1610,0,1,False
1611,1,1,True
1612,1,1,True
1613,0,1,False
1614,0,1,False
1615,1,1,True
1616,0,1,False
1617,1,1,True
1618,1,1,True
1619,0,0,True
1620,0,1,False
1621,1,1,True
1622,1,1,True
1623,1,1,True
1624,1,1,True
1625,1,1,True
1626,1,1,True
1627,1,0,False
1628,1,1,True
1629,1,1,True
1630,1,1,True
1631,1,1,True
1632,1,1,True
1633,1,1,True
1634,0,1,False
1635,0,0,True
1636,0,0,True
1637,1,1,True
1638,1,1,True
1639,1,1,True
1640,0,0,True
1641,1,1,True
1642,0,1,False
1643,1,1,True
1644,0,0,True
1645,1,0,False
1646,0,1,False
1647,1,1,True
1648,1,1,True
1649,0,0,True
1650,1,1,True
1651,1,1,True
1652,1,1,True
1653,1,1,True
1654,1,1,True
1655,1,1,True
1656,1,1,True
1657,1,1,True
1658,1,1,True
1659,0,1,False
1660,1,0,False
1661,0,1,False
1662,1,1,True
1663,1,1,True
1664,0,0,True
1665,1,0,False
1666,0,1,False
1667,1,1,True
1668,1,1,True
1669,0,0,True
1670,1,1,True
1671,1,1,True
1672,0,0,True
1673,0,1,False
1674,0,0,True
1675,1,1,True
1676,1,1,True
1677,0,0,True
1678,0,0,True
1679,1,0,False
1680,0,0,True
1681,0,0,True
1682,0,0,True
1683,0,1,False
1684,1,1,True
1685,0,0,True
1686,0,0,True
1687,1,1,True
1688,1,0,False
1689,1,1,True
1690,1,1,True
1691,0,0,True
1692,0,1,False
1693,0,0,True
1694,1,1,True
1695,1,1,True
1696,1,1,True
1697,1,1,True
1698,1,1,True
1699,1,1,True
1700,0,0,True
1701,0,0,True
1702,1,1,True
1703,1,1,True
1704,1,1,True
1705,0,0,True
1706,1,1,True
1707,1,1,True
1708,1,1,True
1709,1,1,True
1710,1,1,True
1711,1,0,False
1712,0,1,False
1713,0,0,True
1714,0,0,True
1715,1,1,True
1716,0,0,True
1717,1,1,True
1718,1,1,True
1719,1,1,True
1720,0,0,True
1721,0,0,True
1722,1,1,True
1723,0,0,True
1724,1,1,True
1725,1,1,True
1726,0,0,True
1727,0,0,True
1728,0,1,False
1729,0,1,False
1730,0,0,True
1731,0,0,True
1732,0,0,True
1733,1,1,True
1734,1,1,True
1735,1,0,False
1736,0,1,False
1737,0,1,False
1738,1,1,True
1739,1,1,True
1740,0,0,True
1741,1,1,True
1742,1,1,True
1743,0,0,True
1744,1,1,True
1745,1,1,True
1746,1,1,True
1747,0,1,False
1748,0,1,False
1749,1,0,False
1750,1,1,True
1751,1,1,True
1752,1,1,True
1753,0,1,False
1754,0,0,True
1755,0,0,True
1756,1,1,True
1757,1,1,True
1758,1,1,True
1759,1,1,True
1760,0,0,True
1761,1,0,False
1762,1,0,False
1763,0,0,True
1764,0,1,False
1765,0,0,True
1766,1,1,True
1767,1,1,True
1768,1,0,False
1769,0,0,True
1770,1,1,True
1771,0,0,True
1772,0,0,True
1773,1,0,False
1774,1,1,True
1775,1,1,True
1776,1,1,True
1777,1,1,True
1778,1,0,False
1779,1,1,True
1780,1,1,True
1781,1,1,True
1782,0,0,True
1783,0,0,True
1784,1,1,True
1785,1,1,True
1786,1,1,True
1787,1,1,True
1788,1,1,True
1789,0,0,True
1790,1,1,True
1791,1,1,True
1792,0,1,False
1793,1,0,False
1794,1,0,False
1795,1,1,True
1796,1,1,True
1797,0,0,True
1798,1,1,True
1799,1,1,True
1800,1,0,False
1801,1,1,True
1802,1,1,True
1803,0,0,True
1804,1,1,True
1805,1,1,True
1806,1,1,True
1807,1,1,True
1808,0,0,True
1809,0,0,True
1810,0,1,False
1811,1,1,True
1812,0,0,True
1813,0,1,False
1814,0,1,False
1815,1,1,True
1816,1,1,True
1817,1,1,True
1818,1,0,False
1819,1,1,True
1820,1,1,True
1821,1,1,True
1822,1,1,True
1823,1,1,True
1824,0,1,False
1825,1,1,True
1826,1,1,True
1827,1,1,True
1828,1,1,True
1829,1,1,True
1830,1,1,True
1831,1,1,True
1832,1,1,True
1833,1,1,True
1834,0,0,True
1835,1,1,True
1836,1,1,True
1837,0,0,True
1838,1,1,True
1839,1,1,True
1840,1,1,True
1841,1,1,True
1842,1,1,True
1843,1,1,True
1844,1,1,True
1845,0,0,True
1846,0,1,False
1847,1,1,True
1848,1,1,True
1849,1,0,False
1850,1,1,True
1851,1,0,False
1852,1,1,True
1853,0,1,False
1854,0,0,True
1855,1,1,True
1856,0,1,False
1857,1,1,True
1858,1,1,True
1859,1,1,True
1860,0,1,False
1861,1,0,False
1862,1,1,True
1863,0,0,True
1864,0,0,True
1865,1,1,True
1866,1,0,False
1867,0,1,False
1868,1,0,False
1869,0,0,True
1870,1,1,True
1871,1,1,True
1872,1,1,True
1873,1,1,True
1874,1,1,True
1875,0,0,True
1876,0,0,True
1877,0,0,True
1878,1,1,True
1879,0,1,False
1880,0,0,True
1881,0,0,True
1882,0,0,True
1883,1,1,True
1884,1,1,True
1885,1,1,True
1886,1,1,True
1887,0,0,True
1888,1,0,False
1889,0,0,True
1890,1,1,True
1891,1,1,True
1892,0,1,False
1893,1,1,True
1894,0,0,True
1895,0,0,True
1896,1,1,True
1897,1,1,True
1898,1,1,True
1899,0,1,False
1900,1,1,True
1901,1,1,True
1902,1,1,True
1903,1,1,True
1904,1,1,True
1905,1,1,True
1906,1,0,False
1907,0,1,False
1908,1,1,True
1909,1,1,True
1910,0,1,False
1911,0,1,False
1912,1,1,True
1913,0,0,True
1914,1,1,True
1915,0,1,False
1916,1,1,True
1917,0,0,True
1918,0,0,True
1919,1,1,True
1920,0,0,True
1921,0,0,True
1922,0,1,False
1923,1,1,True
1924,1,1,True
1925,1,1,True
1926,0,1,False
1927,1,1,True
1928,1,1,True
1929,1,1,True
1930,1,1,True
1931,0,1,False
1932,1,1,True
1933,1,1,True
1934,0,0,True
1935,0,1,False
1936,1,1,True
1937,1,1,True
1938,0,0,True
1939,0,0,True
1940,1,1,True
1941,1,1,True
1942,1,1,True
1943,0,0,True
1944,1,1,True
1945,0,1,False
1946,1,1,True
1947,0,0,True
1948,1,0,False
1949,0,0,True
1950,1,1,True
1951,1,1,True
1952,0,0,True
1953,1,1,True
1954,1,1,True
1955,1,1,True
1956,1,1,True
1957,0,0,True
1958,0,0,True
1959,0,1,False
1960,1,0,False
1961,1,0,False
1962,1,1,True
1963,0,1,False
1964,0,1,False
1965,1,1,True
1966,1,1,True
1967,0,0,True
1968,1,1,True
1969,1,1,True
1970,1,1,True
1971,1,0,False
1972,0,0,True
1973,1,1,True
1974,1,1,True
1975,1,1,True
1976,0,0,True
1977,1,1,True
1978,1,1,True
1979,1,1,True
1980,1,1,True
1981,0,1,False
1982,1,1,True
1983,1,1,True
1984,1,1,True
1985,1,1,True
1986,1,1,True
1987,0,0,True
1988,1,1,True
1989,1,1,True
1990,0,0,True
1991,0,0,True
1992,1,1,True
1993,1,1,True
1994,1,1,True
1995,0,0,True
1996,0,1,False
1997,1,1,True
1998,1,1,True
1999,0,1,False
